Datetime,Water Level (m)
2026-04-18 18:00:00,0.80073047
2026-04-18 19:00:00,0.34904385
2026-04-18 20:00:00,-0.12288622
2026-04-18 21:00:00,-0.604322
2026-04-18 22:00:00,-1.0181191
2026-04-18 23:00:00,-1.2944458
2026-04-19 00:00:00,-1.3349013
2026-04-19 01:00:00,-0.88020265
2026-04-19 02:00:00,-0.29913223
2026-04-19 03:00:00,0.3355863
2026-04-19 04:00:00,0.93499666
2026-04-19 05:00:00,1.2674053
2026-04-19 06:00:00,1.2280506
2026-04-19 07:00:00,0.826893
2026-04-19 08:00:00,0.32242572
2026-04-19 09:00:00,-0.16514836
2026-04-19 10:00:00,-0.6304929
2026-04-19 11:00:00,-0.9817042
2026-04-19 12:00:00,-1.1470939
2026-04-19 13:00:00,-0.95551586
2026-04-19 14:00:00,-0.44568473
2026-04-19 15:00:00,0.09571138
2026-04-19 16:00:00,0.6084445
2026-04-19 17:00:00,0.9552388
2026-04-19 18:00:00,0.9729272
2026-04-19 19:00:00,0.62407565
2026-04-19 20:00:00,0.1582457
2026-04-19 21:00:00,-0.31317353
2026-04-19 22:00:00,-0.7604796
2026-04-19 23:00:00,-1.1021053
2026-04-20 00:00:00,-1.2903068
2026-04-20 01:00:00,-1.1409092
2026-04-20 02:00:00,-0.6301941
2026-04-20 03:00:00,-0.06335349
2026-04-20 04:00:00,0.53392184
2026-04-20 05:00:00,1.0484397
2026-04-20 06:00:00,1.2783505
2026-04-20 07:00:00,1.1627847
2026-04-20 08:00:00,0.73307955
2026-04-20 09:00:00,0.24574403
2026-04-20 10:00:00,-0.24451965
2026-04-20 11:00:00,-0.65427923
2026-04-20 12:00:00,-0.9438685
2026-04-20 13:00:00,-1.0144001
2026-04-20 14:00:00,-0.6851656
2026-04-20 15:00:00,-0.20338555
2026-04-20 16:00:00,0.28101712
2026-04-20 17:00:00,0.7115057
2026-04-20 18:00:00,0.9126245
2026-04-20 19:00:00,0.7999467
2026-04-20 20:00:00,0.43366158
2026-04-20 21:00:00,0.01800268
2026-04-20 22:00:00,-0.4102849
2026-04-20 23:00:00,-0.7938496
2026-04-21 00:00:00,-1.062439
2026-04-21 01:00:00,-1.1568941
2026-04-21 02:00:00,-0.8728653
2026-04-21 03:00:00,-0.38169017
2026-04-21 04:00:00,0.1574
2026-04-21 05:00:00,0.7004476
2026-04-21 06:00:00,1.0819391
2026-04-21 07:00:00,1.1943172
2026-04-21 08:00:00,0.981332
2026-04-21 09:00:00,0.5652281
2026-04-21 10:00:00,0.12670949
2026-04-21 11:00:00,-0.301836
2026-04-21 12:00:00,-0.6504637
2026-04-21 13:00:00,-0.85759205
2026-04-21 14:00:00,-0.8224399
2026-04-21 15:00:00,-0.4793124
2026-04-21 16:00:00,-0.06515304
2026-04-21 17:00:00,0.32632846
2026-04-21 18:00:00,0.63138455
2026-04-21 19:00:00,0.729039
2026-04-21 20:00:00,0.5737767
2026-04-21 21:00:00,0.24516115
2026-04-21 22:00:00,-0.12564738
2026-04-21 23:00:00,-0.4947718
2026-04-22 00:00:00,-0.80923635
2026-04-22 01:00:00,-1.0109894
2026-04-22 02:00:00,-0.9917246
2026-04-22 03:00:00,-0.64323
2026-04-22 04:00:00,-0.20139031
2026-04-22 05:00:00,0.26225176
2026-04-22 06:00:00,0.7029683
2026-04-22 07:00:00,0.9747263
2026-04-22 08:00:00,1.0192628
2026-04-22 09:00:00,0.8004519
2026-04-22 10:00:00,0.43732408
2026-04-22 11:00:00,0.0543217
2026-04-22 12:00:00,-0.3217897
2026-04-22 13:00:00,-0.6091508
2026-04-22 14:00:00,-0.7520522
2026-04-22 15:00:00,-0.6842303
2026-04-22 16:00:00,-0.38719442
2026-04-22 17:00:00,-0.05260862
2026-04-22 18:00:00,0.2648414
2026-04-22 19:00:00,0.49082837
2026-04-22 20:00:00,0.5452829
2026-04-22 21:00:00,0.40868208
2026-04-22 22:00:00,0.14244
2026-04-22 23:00:00,-0.17449833
2026-04-23 00:00:00,-0.48233885
2026-04-23 01:00:00,-0.7272523
2026-04-23 02:00:00,-0.8702948
2026-04-23 03:00:00,-0.80576736
2026-04-23 04:00:00,-0.4931146
2026-04-23 05:00:00,-0.1234049
2026-04-23 06:00:00,0.2575346
2026-04-23 07:00:00,0.59948725
2026-04-23 08:00:00,0.80914676
2026-04-23 09:00:00,0.8276182
2026-04-23 10:00:00,0.6450004
2026-04-23 11:00:00,0.34565347
2026-04-23 12:00:00,0.025190419
2026-04-23 13:00:00,-0.30180478
2026-04-23 14:00:00,-0.52457094
2026-04-23 15:00:00,-0.64724207
2026-04-23 16:00:00,-0.6252084
2026-04-23 17:00:00,-0.4313273
2026-04-23 18:00:00,-0.16443083
2026-04-23 19:00:00,0.090217516
2026-04-23 20:00:00,0.28204614
2026-04-23 21:00:00,0.36806688
2026-04-23 22:00:00,0.30906317
2026-04-23 23:00:00,0.13105454
2026-04-24 00:00:00,-0.09712097
2026-04-24 01:00:00,-0.34520644
2026-04-24 02:00:00,-0.5574034
2026-04-24 03:00:00,-0.68522555
2026-04-24 04:00:00,-0.65750617
2026-04-24 05:00:00,-0.43609652
2026-04-24 06:00:00,-0.15222904
2026-04-24 07:00:00,0.15588705
2026-04-24 08:00:00,0.44606337
2026-04-24 09:00:00,0.641223
2026-04-24 10:00:00,0.69881976
2026-04-24 11:00:00,0.6022997
2026-04-24 12:00:00,0.37526777
2026-04-24 13:00:00,0.09772878
2026-04-24 14:00:00,-0.1784622
2026-04-24 15:00:00,-0.42107838
2026-04-24 16:00:00,-0.58422065
2026-04-24 17:00:00,-0.64065397
2026-04-24 18:00:00,-0.5430564
